21381,Amelie,1994/12/19,Tunisia
4181,Isidoro,1990/03/23,China
1742,Jerrine,2009/01/24,Costa Rica
18826,Nestor,1991/09/05,Thailand
1942,Cathleen,2003/12/15,Portugal
25477,Prudence,1997/03/07,Tunisia
19058,Cristy,2005/04/30,Czech Republic
3085,Emilie,1992/06/10,Georgia
7758,Faber,1999/09/14,Sweden
20755,Nanette,1977/01/10,United Kingdom
15009,Maighdiln,2008/01/24,Philippines
29082,Ora,2010/10/17,China
27461,Felice,2008/01/30,Tanzania
28274,Deloria,2014/03/21,Estonia
14765,Adelheid,1983/11/04,Indonesia
11811,Geneva,1986/02/25,Indonesia
23492,Alana,1981/10/28,Colombia
12666,Parker,2003/10/03,China
6365,Rennie,2004/08/07,China
18331,Burnaby,1987/06/27,China
4291,Siana,2008/05/14,Indonesia
384,Chrysa,1995/06/30,China
11675,Nathalie,1990/08/03,Vietnam
5968,Tiphanie,2010/11/25,Sweden
18271,Florie,2004/10/05,South Korea
13861,Hilary,1991/06/19,Benin
21418,Lynea,2004/10/29,China
22272,Bendite,1990/07/08,Portugal
8812,Hagan,2001/04/23,Philippines
7341,Carlynne,1984/08/14,India
28465,Shel,2005/08/11,Brazil
16088,Ingrid,1999/04/20,Cameroon
25936,Sabra,1990/02/24,China
23307,Ernestus,1982/11/05,China
20944,Hewie,2010/11/01,China
22507,Minnnie,1978/11/10,Indonesia
12371,Kaylyn,1979/07/02,Indonesia
21678,Bo,1981/05/04,France
6628,Larry,1995/03/30,United States
20334,Benedicto,1981/11/26,Peru
29317,Jereme,2001/01/27,Philippines
1437,Wainwright,1996/08/21,Indonesia
4316,Arlette,1992/12/02,Czech Republic
9971,Abeu,1995/07/24,China
2411,Gaspar,2007/11/27,Afghanistan
15703,Boyd,2002/04/16,China
5299,Clemmie,1994/07/08,Indonesia
17260,Adriano,1977/09/16,Thailand
24730,Joellyn,2009/06/22,Lithuania
20665,Nanine,1998/09/19,Philippines
12947,Robinett,2012/10/17,China
475,Caitrin,1988/04/28,China
7033,Reginald,2006/05/27,Poland
13542,Hew,2011/12/22,Indonesia
25399,Chaunce,2000/06/05,Thailand
13738,Fletch,1980/05/27,France
28604,Nonna,1980/12/14,France
4510,Jacquette,1980/08/23,Palestinian Territory
3145,Sanson,1983/11/29,Slovenia
8599,Raviv,1987/01/19,Sweden
8183,Connie,2009/01/18,Tajikistan
28457,Tucker,1995/07/11,Yemen
6378,Stephenie,1979/01/16,Philippines
6957,Lorie,1979/06/04,Malaysia
3194,Dru,1992/04/14,Poland
4419,Angelia,2000/03/17,Honduras
3100,Bianka,1995/04/09,Micronesia
11272,Madge,1981/01/17,Indonesia
10922,Redford,1991/10/01,Indonesia
16959,Tove,2004/07/24,Armenia
5219,Gussi,2000/10/18,Indonesia
18796,Desmund,2007/12/25,France
22460,Susi,1983/03/26,Brazil
24665,Nanci,2006/08/24,Brazil
23363,Kipp,1997/06/04,Russia
10585,Rollins,1982/01/07,Ukraine
4830,Dmitri,1983/10/20,Philippines
12920,Gregory,2014/09/02,El Salvador
25058,Berna,2014/03/07,Portugal
9221,Erena,1995/06/21,South Africa
22924,Reginald,1989/04/05,China
6458,Cindie,2013/05/20,Indonesia
17484,Garrick,1988/07/27,China
13540,Tobi,2003/04/15,Ukraine
3940,Alfreda,1982/10/15,Norway
13962,Levy,1990/07/31,Russia
624,Melli,1994/04/18,Philippines
20859,Christabel,2012/06/03,France
19557,Beck,1978/10/22,Sweden
10136,Kleon,2001/11/13,Indonesia
18035,Shaine,1982/04/04,Honduras
8457,Karie,1986/06/22,Ukraine
22840,Marijo,1978/12/30,Philippines
25410,Alwyn,2004/10/29,Indonesia
10827,Sibbie,1976/09/07,Philippines
22894,Hercule,1990/06/17,Russia
18180,Ira,2006/10/06,Bangladesh
12552,Audi,2007/08/12,Armenia
10662,Hershel,2001/11/18,Peru
22855,Patricio,2007/10/13,Palestinian Territory
21697,Marv,1994/11/26,China
29455,Dede,1995/08/28,Mexico
12753,Lewie,2006/04/27,Indonesia
11545,Tanya,1977/05/21,Iran
18561,Christophe,2000/09/01,South Africa
6002,Lolly,1984/08/12,Laos
23690,Thoma,2012/09/23,Russia
3041,Vernor,2012/01/30,Czech Republic
14076,Torre,2004/09/27,Brazil
25382,Noreen,2002/05/28,Central African Republic
27424,Renaldo,1990/07/06,India
17963,Averil,1978/04/24,Philippines
7126,Yoshi,2008/07/24,Sweden
5740,Norma,1981/12/02,China
8110,Major,2000/03/08,China
8403,Merilyn,1994/09/23,El Salvador
17199,Serge,1986/08/07,Indonesia
13362,Dara,1979/03/30,Indonesia
28356,Rriocard,1981/04/11,China
9225,Gareth,1988/11/07,Poland
2367,Arda,2008/05/30,Czech Republic
26871,Lawton,2010/12/14,China
6709,Malinda,1979/04/15,Russia
12358,Mallissa,2010/06/17,Iran
11193,Corliss,1989/06/18,Kazakhstan
19853,Scotti,2006/10/15,Philippines
21324,Gerianne,1977/01/08,China
26759,Millie,2002/01/20,Macedonia
24694,Miran,1995/10/19,Colombia
4561,Ardyce,1994/02/05,China
2195,Lizzy,1981/06/09,Indonesia
933,Trish,1990/10/19,Russia
6305,Palmer,2014/07/09,China
14541,Kaela,1997/11/16,Indonesia
10495,Willyt,1981/01/24,Russia
3424,Valentino,1995/09/26,China
8295,Skye,1997/04/23,Kosovo
6090,Kary,2013/04/09,Argentina
9127,Denna,1996/05/03,Philippines
5720,Silvano,2005/09/27,Burkina Faso
28812,Augusto,1983/11/29,Poland
5352,Coleen,2012/12/10,Brazil
1823,Frieda,1979/06/21,China
10238,Griffin,1977/12/25,China
15738,Caralie,2008/11/15,Poland
1345,Langston,2003/08/21,Morocco
23519,Brigham,1977/10/07,Nigeria
578,Minor,2010/05/07,Morocco
11104,Vance,2005/04/02,Chile
25885,Ralph,1996/03/10,Japan
25084,Julia,1978/04/01,Netherlands
8353,Rem,2008/02/10,Canada
14720,Row,2011/09/12,Poland
907,Sax,1991/09/24,Portugal
29153,Hamid,1992/07/15,Haiti
10034,Patten,1992/08/02,Portugal
16186,Blisse,1979/01/27,Sweden
942,Berty,1976/11/04,Brazil
10746,Danell,1991/10/23,Poland
22582,Moll,1977/12/28,United States
2222,Myrtie,2005/03/02,China
21712,Kristal,1991/04/26,Argentina
14874,Ade,1982/12/26,Indonesia
6533,Rosalie,1978/07/30,United States
3385,Morgen,1991/06/09,Thailand
6576,Aldon,1985/09/05,China
3897,Ethyl,1982/02/09,China
27065,Remington,1995/02/18,France
17421,Kristo,2013/08/07,Indonesia
16046,Hope,2008/03/17,Brazil
8361,Kimmi,1999/11/06,Morocco
3253,Griffie,1981/05/06,Philippines
21205,Fleming,1991/02/01,Russia
1222,Saunder,1999/12/20,France
10413,Vanya,1981/01/24,Russia
28176,Lynnett,1998/07/27,China
3234,Melosa,1978/08/22,Estonia
28881,Gregory,1996/08/13,Ukraine
10422,Rossie,1998/08/05,Philippines
285,Aubrette,1985/08/10,Japan
14722,Olivier,1998/12/22,Brazil
6928,Ulrika,2012/10/17,Albania
14658,Delbert,2010/01/09,China
18631,Christan,1988/03/10,China
13914,Korie,1986/07/04,Indonesia
7481,Ricki,1998/12/25,China
19302,Marylou,1992/10/25,Serbia
16049,Allyson,1992/08/24,Lithuania
14377,Bertine,1981/02/24,Botswana
26755,Lucias,1993/08/03,Guatemala
2261,Pattin,2010/10/07,Portugal
25963,Martelle,1983/03/19,South Africa
29844,Pepillo,2008/08/20,Venezuela
26728,Dalt,2005/10/18,Philippines
19278,Bryce,1981/05/16,Indonesia
3918,Pandora,2012/07/30,Argentina
23839,Cris,1999/06/14,Indonesia
909,Lyssa,2013/09/22,Philippines
25696,Gallagher,2012/06/03,Japan
15071,Gregoire,1999/07/26,China
